{"cameraMode":{"drawMode":0,"name":"Shaded","section":"Shading Mode"},"sceneLighting":true,"audioPlay":false,"sceneViewState":{"m_AlwaysRefresh":false,"showFog":true,"showSkybox":true,"showFlares":true,"showImageEffects":true,"showParticleSystems":true,"showVisualEffectGraphs":true,"m_FxEnabled":true},"in2DMode":false,"pivot":{"x":0.5396922826766968,"y":-0.5909085869789124,"z":2.045768976211548},"rotation":{"x":-0.0806119367480278,"y":-0.0018151578260585666,"z":-0.0002412852772977203,"w":0.9967803359031677},"size":0.8660253882408142,"orthographic":false}